{
 "custom_fields": [
  {
   "_assign": null,
   "_comments": null,
   "_liked_by": null,
   "_user_tags": null,
   "allow_in_quick_entry": 0,
   "allow_on_submit": 0,
   "bold": 0,
   "collapsible": 0,
   "collapsible_depends_on": null,
   "columns": 0,
   "creation": "2020-10-22 12:23:45.069378",
   "default": null,
   "depends_on": null,
   "description": null,
   "docstatus": 0,
   "dt": "Lead",
   "fetch_from": null,
   "fetch_if_empty": 0,
   "fieldname": "section_break_32",
   "fieldtype": "Section Break",
   "hidden": 0,
   "idx": 33,
   "ignore_user_permissions": 0,
   "ignore_xss_filter": 0,
   "in_global_search": 0,
   "in_list_view": 0,
   "in_standard_filter": 0,
   "insert_after": "territory",
   "label": null,
   "length": 0,
   "modified": "2020-10-22 12:23:45.069378",
   "modified_by": "Administrator",
   "name": "Lead-section_break_32",
   "no_copy": 0,
   "options": null,
   "owner": "Administrator",
   "parent": null,
   "parentfield": null,
   "parenttype": null,
   "permlevel": 0,
   "precision": "",
   "print_hide": 0,
   "print_hide_if_no_value": 0,
   "print_width": null,
   "read_only": 0,
   "report_hide": 0,
   "reqd": 0,
   "search_index": 0,
   "translatable": 0,
   "unique": 0,
   "width": null
  },
  {
   "_assign": null,
   "_comments": null,
   "_liked_by": null,
   "_user_tags": null,
   "allow_in_quick_entry": 0,
   "allow_on_submit": 0,
   "bold": 0,
   "collapsible": 0,
   "collapsible_depends_on": null,
   "columns": 0,
   "creation": "2020-10-22 12:23:45.627156",
   "default": null,
   "depends_on": null,
   "description": null,
   "docstatus": 0,
   "dt": "Lead",
   "fetch_from": null,
   "fetch_if_empty": 0,
   "fieldname": "sales_team",
   "fieldtype": "Table",
   "hidden": 0,
   "idx": 35,
   "ignore_user_permissions": 0,
   "ignore_xss_filter": 0,
   "in_global_search": 0,
   "in_list_view": 0,
   "in_standard_filter": 0,
   "insert_after": "base_net_total",
   "label": "Sales Team",
   "length": 0,
   "modified": "2020-10-22 12:23:45.627156",
   "modified_by": "Administrator",
   "name": "Lead-sales_team",
   "no_copy": 0,
   "options": "Sales Team",
   "owner": "Administrator",
   "parent": null,
   "parentfield": null,
   "parenttype": null,
   "permlevel": 0,
   "precision": "",
   "print_hide": 0,
   "print_hide_if_no_value": 0,
   "print_width": null,
   "read_only": 0,
   "report_hide": 0,
   "reqd": 0,
   "search_index": 0,
   "translatable": 0,
   "unique": 0,
   "width": null
  },
  {
   "_assign": null,
   "_comments": null,
   "_liked_by": null,
   "_user_tags": null,
   "allow_in_quick_entry": 0,
   "allow_on_submit": 0,
   "bold": 0,
   "collapsible": 0,
   "collapsible_depends_on": null,
   "columns": 0,
   "creation": "2020-10-22 12:41:15.795124",
   "default": null,
   "depends_on": null,
   "description": null,
   "docstatus": 0,
   "dt": "Lead",
   "fetch_from": null,
   "fetch_if_empty": 0,
   "fieldname": "base_net_total",
   "fieldtype": "Currency",
   "hidden": 1,
   "idx": 34,
   "ignore_user_permissions": 0,
   "ignore_xss_filter": 0,
   "in_global_search": 0,
   "in_list_view": 0,
   "in_standard_filter": 0,
   "insert_after": "section_break_32",
   "label": "Base Net Total",
   "length": 0,
   "modified": "2020-10-22 12:41:15.795124",
   "modified_by": "Administrator",
   "name": "Lead-base_net_total",
   "no_copy": 0,
   "options": "Company:company:default_currency",
   "owner": "Administrator",
   "parent": null,
   "parentfield": null,
   "parenttype": null,
   "permlevel": 0,
   "precision": "",
   "print_hide": 1,
   "print_hide_if_no_value": 0,
   "print_width": null,
   "read_only": 1,
   "report_hide": 0,
   "reqd": 0,
   "search_index": 0,
   "translatable": 0,
   "unique": 0,
   "width": "150px"
  }
 ],
 "custom_perms": [],
 "doctype": "Lead",
 "property_setters": [],
 "sync_on_migrate": 1
}