{
 "custom_fields": [
  {
   "_assign": null,
   "_comments": null,
   "_liked_by": null,
   "_user_tags": null,
   "allow_in_quick_entry": 0,
   "allow_on_submit": 0,
   "bold": 0,
   "collapsible": 0,
   "collapsible_depends_on": null,
   "columns": 0,
   "creation": "2020-10-22 12:24:08.555026",
   "default": null,
   "depends_on": null,
   "description": null,
   "docstatus": 0,
   "dt": "Opportunity",
   "fetch_from": null,
   "fetch_if_empty": 0,
   "fieldname": "section_break_36",
   "fieldtype": "Section Break",
   "hidden": 0,
   "idx": 36,
   "ignore_user_permissions": 0,
   "ignore_xss_filter": 0,
   "in_global_search": 0,
   "in_list_view": 0,
   "in_standard_filter": 0,
   "insert_after": "contact_mobile",
   "label": null,
   "length": 0,
   "modified": "2020-10-22 12:24:08.555026",
   "modified_by": "Administrator",
   "name": "Opportunity-section_break_36",
   "no_copy": 0,
   "options": null,
   "owner": "Administrator",
   "parent": null,
   "parentfield": null,
   "parenttype": null,
   "permlevel": 0,
   "precision": "",
   "print_hide": 0,
   "print_hide_if_no_value": 0,
   "print_width": null,
   "read_only": 0,
   "report_hide": 0,
   "reqd": 0,
   "search_index": 0,
   "translatable": 0,
   "unique": 0,
   "width": null
  },
  {
   "_assign": null,
   "_comments": null,
   "_liked_by": null,
   "_user_tags": null,
   "allow_in_quick_entry": 0,
   "allow_on_submit": 0,
   "bold": 0,
   "collapsible": 0,
   "collapsible_depends_on": null,
   "columns": 0,
   "creation": "2020-10-22 12:24:09.740269",
   "default": null,
   "depends_on": null,
   "description": null,
   "docstatus": 0,
   "dt": "Opportunity",
   "fetch_from": null,
   "fetch_if_empty": 0,
   "fieldname": "sales_team",
   "fieldtype": "Table",
   "hidden": 0,
   "idx": 37,
   "ignore_user_permissions": 0,
   "ignore_xss_filter": 0,
   "in_global_search": 0,
   "in_list_view": 0,
   "in_standard_filter": 0,
   "insert_after": "section_break_36",
   "label": "Sales Team",
   "length": 0,
   "modified": "2020-10-22 12:24:09.740269",
   "modified_by": "Administrator",
   "name": "Opportunity-sales_team",
   "no_copy": 0,
   "options": "Sales Team",
   "owner": "Administrator",
   "parent": null,
   "parentfield": null,
   "parenttype": null,
   "permlevel": 0,
   "precision": "",
   "print_hide": 0,
   "print_hide_if_no_value": 0,
   "print_width": null,
   "read_only": 0,
   "report_hide": 0,
   "reqd": 0,
   "search_index": 0,
   "translatable": 0,
   "unique": 0,
   "width": null
  }
 ],
 "custom_perms": [],
 "doctype": "Opportunity",
 "property_setters": [],
 "sync_on_migrate": 1
}