{
 "custom_fields": [
  {
   "_assign": null,
   "_comments": null,
   "_liked_by": null,
   "_user_tags": null,
   "allow_in_quick_entry": 0,
   "allow_on_submit": 0,
   "bold": 0,
   "collapsible": 0,
   "collapsible_depends_on": null,
   "columns": 0,
   "creation": "2020-10-22 12:26:08.141682",
   "default": null,
   "depends_on": null,
   "description": null,
   "docstatus": 0,
   "dt": "Quotation",
   "fetch_from": null,
   "fetch_if_empty": 0,
   "fieldname": "section_break_90",
   "fieldtype": "Section Break",
   "hidden": 0,
   "idx": 90,
   "ignore_user_permissions": 0,
   "ignore_xss_filter": 0,
   "in_global_search": 0,
   "in_list_view": 0,
   "in_standard_filter": 0,
   "insert_after": "update_auto_repeat_reference",
   "label": null,
   "length": 0,
   "modified": "2020-10-22 12:26:08.141682",
   "modified_by": "Administrator",
   "name": "Quotation-section_break_90",
   "no_copy": 0,
   "options": null,
   "owner": "Administrator",
   "parent": null,
   "parentfield": null,
   "parenttype": null,
   "permlevel": 0,
   "precision": "",
   "print_hide": 0,
   "print_hide_if_no_value": 0,
   "print_width": null,
   "read_only": 0,
   "report_hide": 0,
   "reqd": 0,
   "search_index": 0,
   "translatable": 0,
   "unique": 0,
   "width": null
  },
  {
   "_assign": null,
   "_comments": null,
   "_liked_by": null,
   "_user_tags": null,
   "allow_in_quick_entry": 0,
   "allow_on_submit": 0,
   "bold": 0,
   "collapsible": 0,
   "collapsible_depends_on": null,
   "columns": 0,
   "creation": "2020-10-22 12:26:09.219545",
   "default": null,
   "depends_on": null,
   "description": null,
   "docstatus": 0,
   "dt": "Quotation",
   "fetch_from": null,
   "fetch_if_empty": 0,
   "fieldname": "sales_team",
   "fieldtype": "Table",
   "hidden": 0,
   "idx": 91,
   "ignore_user_permissions": 0,
   "ignore_xss_filter": 0,
   "in_global_search": 0,
   "in_list_view": 0,
   "in_standard_filter": 0,
   "insert_after": "section_break_90",
   "label": "Sales Team",
   "length": 0,
   "modified": "2020-10-22 12:26:09.219545",
   "modified_by": "Administrator",
   "name": "Quotation-sales_team",
   "no_copy": 0,
   "options": "Sales Team",
   "owner": "Administrator",
   "parent": null,
   "parentfield": null,
   "parenttype": null,
   "permlevel": 0,
   "precision": "",
   "print_hide": 0,
   "print_hide_if_no_value": 0,
   "print_width": null,
   "read_only": 0,
   "report_hide": 0,
   "reqd": 0,
   "search_index": 0,
   "translatable": 0,
   "unique": 0,
   "width": null
  }
 ],
 "custom_perms": [],
 "doctype": "Quotation",
 "property_setters": [
  {
   "_assign": null,
   "_comments": null,
   "_liked_by": null,
   "_user_tags": null,
   "creation": "2020-10-17 14:04:15.600633",
   "default_value": null,
   "doc_type": "Quotation",
   "docstatus": 0,
   "doctype_or_field": "DocField",
   "field_name": "in_words",
   "idx": 0,
   "modified": "2020-10-17 14:04:15.600633",
   "modified_by": "Administrator",
   "name": "Quotation-in_words-print_hide",
   "owner": "Administrator",
   "parent": null,
   "parentfield": null,
   "parenttype": null,
   "property": "print_hide",
   "property_type": "Check",
   "value": "0"
  },
  {
   "_assign": null,
   "_comments": null,
   "_liked_by": null,
   "_user_tags": null,
   "creation": "2020-10-17 14:04:15.223268",
   "default_value": null,
   "doc_type": "Quotation",
   "docstatus": 0,
   "doctype_or_field": "DocField",
   "field_name": "in_words",
   "idx": 0,
   "modified": "2020-10-17 14:04:15.223268",
   "modified_by": "Administrator",
   "name": "Quotation-in_words-hidden",
   "owner": "Administrator",
   "parent": null,
   "parentfield": null,
   "parenttype": null,
   "property": "hidden",
   "property_type": "Check",
   "value": "0"
  },
  {
   "_assign": null,
   "_comments": null,
   "_liked_by": null,
   "_user_tags": null,
   "creation": "2020-10-17 14:04:03.740222",
   "default_value": null,
   "doc_type": "Quotation",
   "docstatus": 0,
   "doctype_or_field": "DocField",
   "field_name": "rounded_total",
   "idx": 0,
   "modified": "2020-10-17 14:04:03.740222",
   "modified_by": "Administrator",
   "name": "Quotation-rounded_total-print_hide",
   "owner": "Administrator",
   "parent": null,
   "parentfield": null,
   "parenttype": null,
   "property": "print_hide",
   "property_type": "Check",
   "value": "0"
  },
  {
   "_assign": null,
   "_comments": null,
   "_liked_by": null,
   "_user_tags": null,
   "creation": "2020-10-17 14:04:03.366026",
   "default_value": null,
   "doc_type": "Quotation",
   "docstatus": 0,
   "doctype_or_field": "DocField",
   "field_name": "rounded_total",
   "idx": 0,
   "modified": "2020-10-17 14:04:03.366026",
   "modified_by": "Administrator",
   "name": "Quotation-rounded_total-hidden",
   "owner": "Administrator",
   "parent": null,
   "parentfield": null,
   "parenttype": null,
   "property": "hidden",
   "property_type": "Check",
   "value": "0"
  },
  {
   "_assign": null,
   "_comments": null,
   "_liked_by": null,
   "_user_tags": null,
   "creation": "2020-10-17 14:04:02.991319",
   "default_value": null,
   "doc_type": "Quotation",
   "docstatus": 0,
   "doctype_or_field": "DocField",
   "field_name": "base_rounded_total",
   "idx": 0,
   "modified": "2020-10-17 14:04:02.991319",
   "modified_by": "Administrator",
   "name": "Quotation-base_rounded_total-print_hide",
   "owner": "Administrator",
   "parent": null,
   "parentfield": null,
   "parenttype": null,
   "property": "print_hide",
   "property_type": "Check",
   "value": "1"
  },
  {
   "_assign": null,
   "_comments": null,
   "_liked_by": null,
   "_user_tags": null,
   "creation": "2020-10-17 14:04:02.527897",
   "default_value": null,
   "doc_type": "Quotation",
   "docstatus": 0,
   "doctype_or_field": "DocField",
   "field_name": "base_rounded_total",
   "idx": 0,
   "modified": "2020-10-17 14:04:02.527897",
   "modified_by": "Administrator",
   "name": "Quotation-base_rounded_total-hidden",
   "owner": "Administrator",
   "parent": null,
   "parentfield": null,
   "parenttype": null,
   "property": "hidden",
   "property_type": "Check",
   "value": "0"
  }
 ],
 "sync_on_migrate": 1
}